-- phpMyAdmin SQL Dump
-- version 5.1.1
-- https://www.phpmyadmin.net/
--
-- Host: 127.0.0.1
-- Generation Time: Apr 30, 2023 at 08:50 PM
-- Server version: 10.4.22-MariaDB
-- PHP Version: 8.0.13

SET SQL_MODE = "NO_AUTO_VALUE_ON_ZERO";
START TRANSACTION;
SET time_zone = "+00:00";


/*!40101 SET @OLD_CHARACTER_SET_CLIENT=@@CHARACTER_SET_CLIENT */;
/*!40101 SET @OLD_CHARACTER_SET_RESULTS=@@CHARACTER_SET_RESULTS */;
/*!40101 SET @OLD_COLLATION_CONNECTION=@@COLLATION_CONNECTION */;
/*!40101 SET NAMES utf8mb4 */;

--
-- Database: `sewa`
--

-- --------------------------------------------------------

--
-- Table structure for table `admin`
--

CREATE TABLE `admin` (
  `id_admin` int(11) NOT NULL,
  `nama_admin` varchar(120) NOT NULL,
  `username` varchar(120) NOT NULL,
  `password` varchar(120) NOT NULL
) ENGINE=InnoDB DEFAULT CHARSET=latin1;

--
-- Dumping data for table `admin`
--

INSERT INTO `admin` (`id_admin`, `nama_admin`, `username`, `password`) VALUES
(1, 'admin', 'admin', '21232f297a57a5a743894a0e4a801fc3');

-- --------------------------------------------------------

--
-- Table structure for table `customer`
--

CREATE TABLE `customer` (
  `id_customer` int(11) NOT NULL,
  `nama` varchar(120) NOT NULL,
  `username` varchar(120) NOT NULL,
  `alamat` varchar(120) NOT NULL,
  `gender` varchar(20) NOT NULL,
  `no_telepon` varchar(20) NOT NULL,
  `no_ktp` varchar(50) NOT NULL,
  `password` varchar(120) NOT NULL,
  `role_id` int(11) NOT NULL
) ENGINE=InnoDB DEFAULT CHARSET=latin1;

--
-- Dumping data for table `customer`
--

INSERT INTO `customer` (`id_customer`, `nama`, `username`, `alamat`, `gender`, `no_telepon`, `no_ktp`, `password`, `role_id`) VALUES
(4, 'Joko Santoso', 'joko', 'Jl. Satu Pekanbaru', 'laki-laki', '0653246512', '215654532767', '81dc9bdb52d04dc20036dbd8313ed055', 2),
(5, 'Darmawan', 'darmawan', 'Jl. Dua Pekanbaru', 'laki-laki', '07617623', '1423477324723', '81dc9bdb52d04dc20036dbd8313ed055', 2),
(6, 'Andi', 'andi', 'Jakarta', 'laki-laki', '0217687634', '12747657463', '827ccb0eea8a706c4c34a16891f84e7b', 2),
(7, 'Abiyu Fadli', 'admin', 'Pekanbaru', 'laki-laki', '065423624', '1764578345', '21232f297a57a5a743894a0e4a801fc3', 1),
(8, 'Bayu', 'bayu', 'Jl. Nangka Pekanbaru', 'laki-laki', '07612233', '14000756764735', '81dc9bdb52d04dc20036dbd8313ed055', 2),
(9, 'Toni', 'toni', 'Semarang', 'laki-laki', '0835653243', '1753453265435', '81dc9bdb52d04dc20036dbd8313ed055', 2),
(10, 'abiyu', 'abiyu', 'Lampung', 'laki-laki', '0856241852', '3375062548562154', '202cb962ac59075b964b07152d234b70', 2),
(12, 'Kevin Gilbert Toding', 'kevin', 'Pemanikan', 'laki-laki', '0930923', '23', '827ccb0eea8a706c4c34a16891f84e7b', 2),
(13, 'kevin gilbert toding', 'gilto', 'Pemanikan', 'laki-laki', '0932039', '23232323', '827ccb0eea8a706c4c34a16891f84e7b', 2),
(15, 'Kevin Gilbert Toding', 'toding', 'Pemanikan', 'laki-laki', '082323', '2323', '827ccb0eea8a706c4c34a16891f84e7b', 2),
(17, 'Muhammad Azhar', 'nafisa', 'Jl.dsadas', 'perempuan', '0909232', '902930293', '827ccb0eea8a706c4c34a16891f84e7b', 2);

-- --------------------------------------------------------

--
-- Table structure for table `mobil`
--

CREATE TABLE `mobil` (
  `id_mobil` int(11) NOT NULL,
  `kode_tipe` varchar(120) NOT NULL,
  `merek` varchar(120) NOT NULL,
  `no_plat` varchar(20) NOT NULL,
  `warna` varchar(20) NOT NULL,
  `tahun` varchar(4) NOT NULL,
  `status` varchar(50) NOT NULL,
  `harga` int(11) NOT NULL,
  `denda` int(11) NOT NULL,
  `ac` int(11) NOT NULL,
  `sopir` int(11) NOT NULL,
  `mp3_player` int(11) NOT NULL,
  `central_lock` int(11) NOT NULL,
  `gambar` varchar(255) NOT NULL
) ENGINE=InnoDB DEFAULT CHARSET=latin1;

--
-- Dumping data for table `mobil`
--

INSERT INTO `mobil` (`id_mobil`, `kode_tipe`, `merek`, `no_plat`, `warna`, `tahun`, `status`, `harga`, `denda`, `ac`, `sopir`, `mp3_player`, `central_lock`, `gambar`) VALUES
(18, 'KLS1', 'Meeting Room 1', '20', 'Standart', '2022', '0', 220000, 400000, 1, 1, 0, 0, 'ruang4.jpg'),
(19, 'KLS2', 'Meeting Room 3', '15', 'Full blend', '2022', '0', 200000, 500000, 1, 1, 0, 0, 'ruang51.jpg'),
(20, 'KLS2', 'Meeting Room 2', '7', 'Standart', '2022', '1', 150000, 200000, 1, 0, 1, 0, 'ruang7.jpeg'),
(25, 'KLS1', '12345', '12345', 'test standard', '2040', '1', 2000, 6000, 0, 1, 1, 1, '1.png');

-- --------------------------------------------------------

--
-- Table structure for table `rental`
--

CREATE TABLE `rental` (
  `id_rental` int(11) NOT NULL,
  `id_customer` int(11) NOT NULL,
  `id_mobil` int(11) NOT NULL,
  `tgl_rental` date NOT NULL,
  `tgl_kembali` date NOT NULL,
  `harga` varchar(120) NOT NULL,
  `denda` varchar(120) NOT NULL,
  `tgl_pengembalian` date NOT NULL,
  `status_pengembalian` varchar(50) NOT NULL,
  `status_rental` varchar(50) NOT NULL
) ENGINE=InnoDB DEFAULT CHARSET=latin1;

-- --------------------------------------------------------

--
-- Table structure for table `tipe`
--

CREATE TABLE `tipe` (
  `id_tipe` int(11) NOT NULL,
  `kode_tipe` varchar(120) NOT NULL,
  `nama_tipe` varchar(120) NOT NULL
) ENGINE=InnoDB DEFAULT CHARSET=latin1;

--
-- Dumping data for table `tipe`
--

INSERT INTO `tipe` (`id_tipe`, `kode_tipe`, `nama_tipe`) VALUES
(1, 'KLS1', 'Kelas 1'),
(4, 'KLS2', 'Kelas 2');

-- --------------------------------------------------------

--
-- Table structure for table `transaksi`
--

CREATE TABLE `transaksi` (
  `id_rental` int(11) NOT NULL,
  `id_customer` int(11) NOT NULL,
  `id_mobil` int(11) NOT NULL,
  `tgl_rental` date NOT NULL,
  `tgl_kembali` date NOT NULL,
  `harga` varchar(120) NOT NULL,
  `denda` int(11) NOT NULL,
  `total_denda` varchar(120) NOT NULL,
  `tgl_pengembalian` date NOT NULL,
  `status_pengembalian` varchar(50) NOT NULL,
  `status_rental` varchar(50) NOT NULL,
  `bukti_pembayaran` varchar(120) NOT NULL,
  `status_pembayaran` int(11) NOT NULL
) ENGINE=InnoDB DEFAULT CHARSET=latin1;

--
-- Dumping data for table `transaksi`
--

INSERT INTO `transaksi` (`id_rental`, `id_customer`, `id_mobil`, `tgl_rental`, `tgl_kembali`, `harga`, `denda`, `total_denda`, `tgl_pengembalian`, `status_pengembalian`, `status_rental`, `bukti_pembayaran`, `status_pembayaran`) VALUES
(33, 15, 19, '2023-04-29', '2023-04-30', '200000', 500000, '0', '0000-00-00', 'Belum Kembali', 'Selesai', '430-907-1-SM2.pdf', 1),
(36, 15, 18, '2023-04-30', '2023-04-30', '220000', 400000, '0', '2023-04-30', 'Kembali', 'Selesai', 'testung.pdf', 1),
(37, 15, 18, '2023-04-30', '2023-04-30', '220000', 400000, '0', '2023-04-30', 'Kembali', 'Selesai', '430-907-1-SM4.pdf', 1),
(38, 17, 19, '2023-04-18', '2023-04-30', '200000', 500000, '0', '2023-04-30', 'Kembali', 'Selesai', '430-907-1-SM5.pdf', 1),
(40, 17, 19, '2023-04-30', '2023-04-30', '200000', 500000, '0', '0000-00-00', 'Belum Kembali', 'Belum Selesai', '', 0);

--
-- Indexes for dumped tables
--

--
-- Indexes for table `admin`
--
ALTER TABLE `admin`
  ADD PRIMARY KEY (`id_admin`);

--
-- Indexes for table `customer`
--
ALTER TABLE `customer`
  ADD PRIMARY KEY (`id_customer`);

--
-- Indexes for table `mobil`
--
ALTER TABLE `mobil`
  ADD PRIMARY KEY (`id_mobil`);

--
-- Indexes for table `rental`
--
ALTER TABLE `rental`
  ADD PRIMARY KEY (`id_rental`);

--
-- Indexes for table `tipe`
--
ALTER TABLE `tipe`
  ADD PRIMARY KEY (`id_tipe`);

--
-- Indexes for table `transaksi`
--
ALTER TABLE `transaksi`
  ADD PRIMARY KEY (`id_rental`);

--
-- AUTO_INCREMENT for dumped tables
--

--
-- AUTO_INCREMENT for table `admin`
--
ALTER TABLE `admin`
  MODIFY `id_admin` int(11) NOT NULL AUTO_INCREMENT, AUTO_INCREMENT=2;

--
-- AUTO_INCREMENT for table `customer`
--
ALTER TABLE `customer`
  MODIFY `id_customer` int(11) NOT NULL AUTO_INCREMENT, AUTO_INCREMENT=18;

--
-- AUTO_INCREMENT for table `mobil`
--
ALTER TABLE `mobil`
  MODIFY `id_mobil` int(11) NOT NULL AUTO_INCREMENT, AUTO_INCREMENT=26;

--
-- AUTO_INCREMENT for table `rental`
--
ALTER TABLE `rental`
  MODIFY `id_rental` int(11) NOT NULL AUTO_INCREMENT;

--
-- AUTO_INCREMENT for table `tipe`
--
ALTER TABLE `tipe`
  MODIFY `id_tipe` int(11) NOT NULL AUTO_INCREMENT, AUTO_INCREMENT=9;

--
-- AUTO_INCREMENT for table `transaksi`
--
ALTER TABLE `transaksi`
  MODIFY `id_rental` int(11) NOT NULL AUTO_INCREMENT, AUTO_INCREMENT=41;
COMMIT;

/*!40101 SET CHARACTER_SET_CLIENT=@OLD_CHARACTER_SET_CLIENT */;
/*!40101 SET CHARACTER_SET_RESULTS=@OLD_CHARACTER_SET_RESULTS */;
/*!40101 SET COLLATION_CONNECTION=@OLD_COLLATION_CONNECTION */;
